{
  "level": [
    {
      "type": "image",
      "key": "mono",
      "url": "assets/images/mono.png",
      "overwrite": false
    },
    {
      "type": "tilemap",
      "key": "lab7",
      "url": "assets/tilemap/lab7.json",
      "format": "TILED_JSON"
    },
    {
      "type": "spritesheet",
      "key": "tile_set",
      "url": "assets/tilemap/tile_set.png",
      "frameWidth": 64,
      "frameHeight": 64,
      "frameMax": -1,
      "margin": 0,
      "spacing": 0
    }
  ],
  "start": [{
    "type": "image",
    "key": "tap-to-start",
    "url": "assets/images/tap-to-start.png",
    "overwrite": false
  }],
  "preload": [{
    "type": "image",
    "key": "loading",
    "url": "assets/images/loading.png",
    "overwrite": false
  }],
  "meta": {
    "generated": "1511347652563",
    "app": "Phaser Editor",
    "url": "http://phasereditor.boniatillo.com",
    "version": "1.0",
    "copyright": "Arian Fornaris (c) 2015,2016"
  }
}